first_name,email,id,password
Winn,wbrickell0@umn.edu,wdowson0,zHR6vT8su
Salomi,sbrackstone1@a8.net,smcelrath1,nfw2yxXEgUU
Sonnnie,smcgillivray2@friendfeed.com,ssabben2,lGivwJj
Donall,dlente3@google.com,dgatland3,5VQ9UR
Ingemar,itrustram4@ucsd.edu,ilonghorn4,I4PvJOkyg
Mace,mhoyles5@nhs.uk,mneaverson5,HE425eDp6
Florentia,fdabel6@hibu.com,fbundey6,vklvRfIlU
Berky,bmoukes7@slate.com,bshoppee7,WClhWZxwxEgt
Anders,avibert8@economist.com,afortescue8,aOdjF3DgF
Glenn,gbeckitt9@hhs.gov,gpurse9,eEln9yR2wLA
Trina,tpatienta@chron.com,trumminga,WXWpR4CC
Jamill,jantalffyb@aboutads.info,jtilburnb,pIEk3F21Tw
Scot,sdubberc@chron.com,stredwellc,YJtRHij
Amy,aandrolid@livejournal.com,acolbournd,QMHMk8T
Ferrell,fskittralle@vimeo.com,fbrosche,OusyhY6
Jamill,jolenanef@istockphoto.com,jdavidovitsf,Rbyr3w7
Rowland,rellifg@businesswire.com,rdanilyukg,CSjYSjK1
Jerrylee,jmaccartairh@shop-pro.jp,jwheldonh,H30XaXlU
Lonny,ldyblei@foxnews.com,lendecotti,oxaww7
Kelley,kblastockj@hugedomains.com,ktheseiraj,GoA5FmxH0K1
Joell,jjevonsk@fastcompany.com,jkneelandk,PUZI6xazb75
Lotty,lcurleyl@rambler.ru,lisacoffl,ittTIl
Alejoa,aocorhanem@go.com,amacadiem,OAPX9E
Lyndsie,lbrilln@who.int,lflearn,psLnSlH
Modesta,mnewicko@myspace.com,maveso,wjNLu33
Daloris,dmcneillyp@princeton.edu,dfoordp,AFfQhmal
Merle,mcakesq@canalblog.com,mdanihelq,fyJ3WFyyZgu
Melisent,mcollsr@discuz.net,mbyrnesr,4eLYsz1VEJaj
Alanson,adurdans@storify.com,afleays,rhR4pjXNZ6ny
Dasha,dpythont@seattletimes.com,denzleyt,ksE2Wc
Cornelius,cbassingdenu@reference.com,cjackettsu,AHvR6d73
Ashton,acauthrav@ebay.com,aeselerv,my93XE
Cal,ctattonw@yelp.com,cmalafew,5l9DNCxhd6
Lorianne,lpattendenx@washington.edu,liacivellix,mSxd5B
Aluin,askellerny@macromedia.com,aphillippsy,NN9xBdqjUvDL
Gamaliel,gofinanz@noaa.gov,gmcomishz,LPvV9cBQOl
Rik,rquilligan10@twitter.com,rcraythorne10,sa23Jn1Cb
Berkly,bpopplestone11@hud.gov,bfortye11,bta4kYeNDSY
Ailee,amacnucator12@chicagotribune.com,abalden12,7d7BmQf1
Gary,gillsley13@europa.eu,gboughtwood13,i9JPd1IsN4i
Lynsey,lkiossel14@go.com,ldodworth14,TLs8HrlXgYIH
Marcellina,mhartright15@samsung.com,mjeannet15,yrPo0j
Elane,ekares16@google.co.jp,ecalvey16,lHZOfy1R
Herculie,hrawsthorne17@noaa.gov,hcalltone17,SFjAbtxZnxT
Thor,tmcmurthy18@free.fr,tpontin18,YZC0SmQpUs5
Whitney,weagleston19@chron.com,wjeger19,PMNdLBLmLF
Prince,ptuther1a@about.me,pkoene1a,LrWzwnvIFsDg
Blanch,browbottam1b@microsoft.com,bakred1b,D0VNaEdq
Dorolisa,dduiguid1c@google.com,dtilt1c,Tpv8UI1hxB
Jarrod,jhaggish1d@cyberchimps.com,jvinas1d,5PrSYvhJZrh
Niki,nkopp1e@slashdot.org,nschimann1e,2HsgQ4
Missy,mhumby1f@ted.com,mdecristoforo1f,7FtN71y
Maryann,mluna1g@bloomberg.com,mberrey1g,JTwVyB7N
Corrine,cberrie1h@artisteer.com,csimony1h,Dpuyj4D
Jerrold,jmacfadyen1i@utexas.edu,jpopeley1i,XMgp5vpVRTk
Marty,mjedrzej1j@cnn.com,mkenworthy1j,1lDEYVnFzq
Trina,tbarnwille1k@tumblr.com,tmcisaac1k,LK6ZKsjgWCJ
Natka,npartleton1l@tripadvisor.com,nsudy1l,9lBy4Jexp1KD
Herrick,hwhear1m@t-online.de,hyakob1m,C9PkwFp
Elyse,eharbron1n@statcounter.com,ejozefowicz1n,DR4fcqYzqrY
Gaultiero,gschukert1o@xing.com,gferryn1o,LLN5o7SQP
Fleurette,froberts1p@sohu.com,flerohan1p,9qP5zZF3
Tiffany,tkeller1q@constantcontact.com,tcharsley1q,E2yF9rR
Harlen,hspittall1r@reverbnation.com,hpude1r,gsK2sS
Letizia,laleixo1s@webeden.co.uk,lguard1s,GnNEAR
Matilde,mkermeen1t@youku.com,mcraven1t,8mCWYD9Pj
Granthem,gbelamy1u@ebay.co.uk,gbowkley1u,AO0DIjZwuiWX
Allis,ahaffard1v@tamu.edu,atemperley1v,GrEtlr3lSw
Rudyard,rcaplis1w@usnews.com,rchadbourne1w,ZuDzSZOf
Micah,mlang1x@freewebs.com,mmogridge1x,pyQESN
Hy,hdevaux1y@dell.com,hdockreay1y,fbq9i2Vep
Isabeau,ipeggram1z@cmu.edu,ihawson1z,D3vbDQr
Shannon,sgoodwin20@flavors.me,smatevushev20,awXqDT
Lammond,lprobert21@uol.com.br,lparkin21,K6nsOOSQAg6
Donnamarie,dcorradino22@epa.gov,drosen22,kn17vLw
Dallon,dbrenstuhl23@scientificamerican.com,dcohane23,OSIBFsId6
Gris,glyddiatt24@bluehost.com,gllewelly24,y9f5CmiSDfe
Jerrilee,jerbain25@wikispaces.com,jgierhard25,iUk7yIAV9
Lizabeth,lpigne26@merriam-webster.com,lcowndley26,eY6M0sJtuE
Gertrudis,gbatalle27@tripod.com,gdalling27,5u4cHRxd
Stefan,smagenny28@businessweek.com,sadamovicz28,nA2cPR4
Cordie,cdraco29@paypal.com,cclynter29,CmYhYaInppub
Michael,mmacdonald2a@cargocollective.com,molrenshaw2a,G0ddk5MbpJo
Nicko,nassur2b@ftc.gov,nvancassel2b,sjKXvEyl
Celestia,cnerne2c@last.fm,ccrean2c,GMeARm
Jaime,johanessian2d@blogspot.com,jovendale2d,7gRzr2X26
Aili,adavisson2e@skype.com,agoodenough2e,bzWZtIX6da
Elka,ejandel2f@redcross.org,ebarber2f,MpKsZ3h
Vladimir,vtressler2g@godaddy.com,vwackley2g,cUMNYo
Adrea,abakewell2h@plala.or.jp,apetric2h,MEHGUhz1
Linnea,lstead2i@mapy.cz,llesly2i,qM0B2JIGt
Madlen,mdrowsfield2j@china.com.cn,mkinnerley2j,gX7vkgn
Isaiah,iedwin2k@cdc.gov,ianthes2k,z0S5Lvdwgm
Dawn,dseaman2l@tripadvisor.com,dsarge2l,8oyVlHKtU2K
Bartholomeo,bshillum2m@cyberchimps.com,btranmer2m,WIvJPorFzuy
Stavros,sgayforth2n@gizmodo.com,sscudamore2n,1sHPXncYdf
Tiler,tmcgiffie2o@123-reg.co.uk,tcreak2o,3R9e05
Eddy,ekerwick2p@mediafire.com,ecoleford2p,WgCbBbkshX3y
Darrel,dlittlekit2q@hugedomains.com,dfarge2q,0zos5ZGkAk
Idelle,iassiter2r@cpanel.net,iflight2r,UPBuwL
Rycca,rmckea2s@cbslocal.com,rfawdry2s,XNH4GMRB61oG
Karlik,kkilty2t@e-recht24.de,knarramore2t,oKaWtG87
Teddy,tquesne2u@google.co.uk,tsandeman2u,pbkqVXK
Torrie,tkivelle2v@google.es,tfluit2v,3D7DkSBEbl
Alison,agrigorian2w@paginegialle.it,aandrysek2w,vZEc5S1F
Allan,asummerfield2x@wordpress.org,aironside2x,wLVpsZN
Lyndsie,lbris2y@dailymail.co.uk,lyegorchenkov2y,zCcnrp
Fannie,fkillock2z@cdc.gov,fdimanche2z,vpIitBD
Melloney,mmiddlemiss30@ask.com,mhorrigan30,4WFnKpDba8s
Ariel,abreitler31@yale.edu,aleyfield31,XyB4C8Y9OJCW
Ronda,rsutherel32@sfgate.com,rferier32,l8k3IAOpcise
Cristi,caldie33@nyu.edu,cclaypoole33,6oRP9MMvn
Ora,ogosnoll34@census.gov,owestmore34,hLEr1jvN
Dougie,dmammatt35@apache.org,dchiese35,MOUHSlk
Sheff,ssharrock36@dmoz.org,sduplan36,WQPAdJSgFH
Lisbeth,lblackway37@netvibes.com,lcogar37,0hW4TI
Moreen,mheighway38@washington.edu,mtiplady38,wBtm8xSudpgA
Iorgos,ihousley39@yellowbook.com,ibernardotti39,WoKWhjkyyI
Ronda,rchatterton3a@nba.com,rvasyunichev3a,5dmMfXWNAsnR
Norina,nbeetham3b@cnet.com,nsowte3b,mw193HfzadR
Marin,mbrende3c@mediafire.com,mhorley3c,NUlFwlM
Kristin,kbrager3d@booking.com,kaskin3d,sFtN9JKk
Kurtis,kmacrury3e@google.fr,kroadknight3e,CqGYlY7K
Antonietta,atebbit3f@dion.ne.jp,aaltamirano3f,syU8df
Wilow,wbraga3g@netscape.com,wjeratt3g,m9t8e2qX
Jackie,jscholcroft3h@amazonaws.com,jwaber3h,mUbwaE
Celina,cstandell3i@disqus.com,cclyne3i,VUUfd9smon
Dede,dsleightholm3j@toplist.cz,dtuffield3j,logRQw
Zach,zjime3k@oracle.com,zmaccallum3k,R3ECHK7OKCvB
Dosi,daronovich3l@networkadvertising.org,dlearmont3l,3KrhvqBAf
Elysee,eforrest3m@cdc.gov,efrayne3m,kVgLMpe
Stormie,sestevez3n@noaa.gov,sgetch3n,poPG93EAlND
Jewelle,jklimpke3o@mayoclinic.com,jcanham3o,UKCpFq
Dolli,dmateev3p@gmpg.org,dmiliffe3p,YznrfE0AMhu
Kyrstin,kcopo3q@bing.com,kwenzel3q,AIkaz4z
Rois,rgudgen3r@moonfruit.com,ralvis3r,kSJ4MRze
Genvieve,gfairbourn3s@lulu.com,greynolds3s,EAUvXmGWsBJ
Maximilian,mdarrow3t@sciencedirect.com,mpotes3t,C5ivmks
Gabie,gkinnaird3u@altervista.org,gtudhope3u,Rkiceuwn
Lori,ldivine3v@moonfruit.com,llotherington3v,2KHNxvJp8
Kenny,kbrill3w@sitemeter.com,kcheak3w,jfAsmNr
Morgana,msercombe3x@taobao.com,msunman3x,JGoQPZkt4
Lane,lwilliscroft3y@ucla.edu,lschwandermann3y,WTJ9IaVf
Coleman,cblything3z@rambler.ru,cbrame3z,AxR7Hd
Cary,cinmett40@bandcamp.com,chadwick40,dhDSWtQUDy
Tiphani,trosbotham41@kickstarter.com,twarmisham41,jLXSL8jFTLW6
Ransom,rtompkiss42@wikipedia.org,ritschakov42,UdbsOCX3XsXn
Ferdinand,fyukhin43@rambler.ru,fgreally43,MoE4chh5F
Killy,kandrew44@last.fm,kmarriott44,XgzKCo4EpMr
Carena,crigate45@newsvine.com,cculpen45,z3M9J6bQ
Cobby,cfuster46@geocities.jp,cgrinnov46,DfZEjjHYo
Janet,jrossetti47@usnews.com,jherreran47,wLLn3INv
Maegan,mfalla48@t-online.de,mibotson48,jbx6Jx
Shayla,saccombe49@people.com.cn,scastanyer49,VESF59UhrB
Reynold,rhambribe4a@tinypic.com,rbroker4a,QM29Ze
Vivianna,vmauchline4b@bloglines.com,vtofanelli4b,kQF0554LB4gQ
Pippo,pharbar4c@hhs.gov,pbray4c,t74MkfERvReR
Raina,rdalrymple4d@yellowpages.com,rwoodcraft4d,aTsRDlQo
Freeman,fdewick4e@webnode.com,finnis4e,AAcX4w9guiG7
Norah,nrobins4f@ftc.gov,ncowx4f,qZInkn3Ef4
Kerwin,kbasile4g@hhs.gov,kgetcliffe4g,xOViGVShR
Wanids,wsharphouse4h@phoca.cz,wgiggs4h,Yd2FWzt
Lynnell,lmcmakin4i@gizmodo.com,lwilkisson4i,d79PRTqM0
Abba,asanderson4j@cnet.com,avanhault4j,2Jwdsybn3Gk
Panchito,pflear4k@hatena.ne.jp,pbolin4k,1ZWHZcOb
Jammie,jjendricke4l@bizjournals.com,jbarwise4l,47oq4XHr4kr
Kris,kclemas4m@rediff.com,kfolkerts4m,1pGenPF
Ulises,uupfold4n@shop-pro.jp,ueastabrook4n,8zJwAy9F6L
Carola,creadings4o@last.fm,cmea4o,KZh8b3QAssp
Christos,ckilgrove4p@rediff.com,cohartagan4p,2FbhhTUdtO
Lynett,llishmund4q@nydailynews.com,ltucsell4q,viiSkQmMzw
Leticia,lsher4r@miitbeian.gov.cn,lkisbey4r,HpKxmxi1US
Ervin,eecclestone4s@clickbank.net,esymers4s,q3ejVq8RIPvk
Amity,azuppa4t@si.edu,aocahsedy4t,qHCIFcWf46
Lyndel,lsigne4u@cornell.edu,ldogg4u,A2qzQRS9
Scarlet,saven4v@wikimedia.org,sduchan4v,b8KkoV
Esmeralda,epentercost4w@google.de,eclaisse4w,0MUXgMo
Kelley,kolenane4x@ycombinator.com,kcowley4x,ttLuzRTOG
Delcine,dgrayshan4y@mapy.cz,dwellen4y,D4V5WQAEc9
Derwin,dhallaways4z@free.fr,dcaudwell4z,Gr4z4mUHrOg
Alika,adampier50@nbcnews.com,atamburo50,YMZTtrCJGOm
Yehudi,ywallege51@nytimes.com,ybartalot51,lkUC9gvVZWSP
Beverley,bonraet52@meetup.com,byukhov52,66Glz36
Nicki,nmaruska53@google.co.uk,nkilliner53,LRkU7m3zTHQw
Orland,ousborn54@acquirethisname.com,oaldcorn54,jayem85m
Dulci,dtedridge55@myspace.com,dgarnson55,XhvAQjg76nP
Foss,fmacgillicuddy56@princeton.edu,fdemogeot56,VIal76iG
Eartha,emilberry57@wix.com,ekiessel57,3bsFgTpVMg0
Merry,mjeary58@bluehost.com,mmoreing58,KGGxbkx41
Ardeen,aparades59@xinhuanet.com,abearward59,OqiIbAX
Minny,mbrockett5a@ifeng.com,mburbury5a,TjZaulup68b
De witt,dheathcote5b@wordpress.com,ddowson5b,f2G8pnXmU
Krystyna,kbenton5c@xrea.com,kpatley5c,kuTBk7ADu38x
Cassandry,cvarty5d@reuters.com,cbernolet5d,gXYcR5
Guthrie,gperutto5e@house.gov,gcains5e,d8njzYdFqIE
Cordie,ckennan5f@sphinn.com,cduny5f,UUAzlLgJ
Becky,bmacnair5g@mayoclinic.com,bcornu5g,fNRvJzTG3
Bethina,bkeppel5h@dedecms.com,bknagges5h,9m2y4qYs
Celisse,candric5i@time.com,cbeadnell5i,CCuTF3K
Ralph,rdyer5j@mlb.com,rdienes5j,tr6dGWLW
Giffer,gpurvis5k@hugedomains.com,gkingshott5k,eDZV18lh6
Wallis,wbraun5l@mysql.com,wtacon5l,N5GQsIOrHlJ
Jessamine,jstafford5m@studiopress.com,jshermar5m,5dox4RCJ3
Cariotta,cbritner5n@discuz.net,cjaskowicz5n,JkXlWsPp8L9l
Carey,cwaddup5o@statcounter.com,cleleu5o,gQLA20AVxkJZ
Sinclare,slinke5p@paginegialle.it,sortell5p,KSSa1AaExIh
De,dpiper5q@answers.com,darend5q,PfzS2WK92TBV
Armando,aravenhills5r@ucsd.edu,amarshland5r,VJ5PiWF
Ray,rklein5s@wunderground.com,rwhaley5s,ur8pP4uUNf
Goober,gpighills5t@printfriendly.com,gmabee5t,NyvlXH
Cloe,cgrishechkin5u@123-reg.co.uk,claskey5u,8X5IYeY
Rica,rcathrall5v@behance.net,rmatyushkin5v,3cwcqvW
Beau,bpindell5w@wikia.com,bbradock5w,smHlDQX5xH
Karleen,kpesterfield5x@netscape.com,kkirrens5x,yJYfLR
Tilly,tfuggles5y@ft.com,taronovich5y,HeMgb4mX
Wald,wfearby5z@mozilla.com,wanglim5z,lfKc7kE
Corilla,ctrotter60@squidoo.com,cdolbey60,zNRImKhJ9L3
Cordelie,cmarzelli61@networkadvertising.org,cinglish61,44LWric5r
Sharon,shaberfield62@chicagotribune.com,stench62,WITnhqSgZGq
Agathe,asylvester63@abc.net.au,atregenna63,Bm5LztE
Bevon,bmontes64@irs.gov,bcattenach64,fIcogsfE
Maisey,mfitchet65@vimeo.com,mdilke65,yJl21v4Lw
Melloney,msprowell66@g.co,mhanvey66,VHAUo2
Thane,tplumer67@china.com.cn,tclutram67,JbXCXiG
Mercedes,mdayley68@jimdo.com,mfinci68,jzKfoRGKraRf
Remy,rhydes69@oaic.gov.au,rcerith69,h9O767
Edouard,eluxon6a@spotify.com,emessage6a,vjrletge1N
Karissa,kdeering6b@google.ru,kpresswell6b,YluzQVOi
Abramo,afairhurst6c@about.me,amazzei6c,JF1JuKjgo
Eldin,enial6d@xinhuanet.com,ejayne6d,vv359K1DSAU
Nessy,nraphael6e@pen.io,nneads6e,2BXJqn5A775h
Cirillo,cgronow6f@smh.com.au,cduckerin6f,nTR24bI9e
Web,wsalery6g@sfgate.com,wneeds6g,4rtkps3YjR
Clarette,cleader6h@pen.io,cstetson6h,jmW4yP9aBiSE
Tedd,tbootland6i@woothemes.com,tsunner6i,R6mlp2IRaZ
Dehlia,didell6j@fotki.com,dcurston6j,R3fAgvH
Mei,mfitzackerley6k@nhs.uk,mlethcoe6k,8ukGQ67Hlft
Cazzie,cmacgillivray6l@dion.ne.jp,cpergens6l,1olbbFAe
Noll,nmacnelly6m@abc.net.au,nwarre6m,s35hslP
Ewart,edoudny6n@1und1.de,ebentjens6n,6Gav5aBMbC
Bondy,bcrowest6o@fda.gov,bdalgarno6o,87yesULQrXYX
Eugene,eskellion6p@ebay.com,ematteoli6p,5Le6MgtgLN
Mildrid,mpeckitt6q@spiegel.de,mnisot6q,TJUPIRz7bl
Brody,barnaldy6r@house.gov,bglewe6r,MQrPicJ7D
Emmalynne,escruby6s@t-online.de,epolden6s,uT1mSjAC7
Pavlov,pbillham6t@tamu.edu,pkohlerman6t,JvPzp9z
Rosette,rstivani6u@omniture.com,rsiggin6u,w11EwhXZLjO
Silvanus,setches6v@reference.com,scayle6v,0ECOMRNAb
Reginald,rrocco6w@nydailynews.com,rburley6w,Oz1xRsVxFUKt
Pen,pwoolacott6x@mtv.com,pnorthrop6x,p6nlybnHq
Kriste,kczajkowski6y@reuters.com,kyerill6y,w1hDyb
Cynde,cjoire6z@dailymail.co.uk,clillgard6z,20RLQXAElCuq
Ross,roxe70@chicagotribune.com,reddington70,2ZgLORu7s1
Stevie,sbriar71@opensource.org,sfrary71,TnXvwxW6lQQ
Beauregard,bcurson72@yale.edu,bhiggen72,XP07AZKa
Tammy,tbabington73@deviantart.com,tpaine73,OD3E5DP9s
Irene,iatwood74@163.com,ikeattch74,X2q5biBG
Chloe,cmcadam75@google.pl,cmungin75,1iJnR22SJUEF
Sawyere,slaverock76@google.fr,scello76,wJ0UoOgOLv
Broderick,byannikov77@xrea.com,bguillotin77,CdsOv44sPeP
Trueman,tbarstow78@addthis.com,tpetraitis78,qjElnY
Jayne,jbyrkmyr79@cbsnews.com,jsapey79,A8rPn6N1AT
Wilbert,wgrigorio7a@hibu.com,wmileham7a,AsUS0IlnvW
Breanne,bpenbarthy7b@nsw.gov.au,berswell7b,XQHwpbUE
Georgianne,gklink7c@cisco.com,glummis7c,WQT08VuG2B
Neila,nmccarrell7d@vinaora.com,npendred7d,3LhM1xA
Jehu,jpohlke7e@taobao.com,jbenettelli7e,vmlwqGSc34o2
Ty,tjerrand7f@xinhuanet.com,tmerriment7f,7xMdPiecI
Husein,hbullman7g@timesonline.co.uk,hhullock7g,gfeoPt1aV
Debor,dklimshuk7h@cbsnews.com,dcullinane7h,7rtHNunw3HSb
Kinny,krosencwaig7i@reference.com,kwroath7i,IPOvNB1NSe
Casie,ctipper7j@example.com,cdinehart7j,OKoPA3Z
Tome,tcasarino7k@over-blog.com,tscutter7k,vRBZbM1smvI
Bartholomew,bargent7l@sakura.ne.jp,bdumpleton7l,IA1XJL
Susy,sklimecki7m@flickr.com,sgouldeby7m,CvsVsP9YV7u
Penny,pogiany7n@t-online.de,plocks7n,VFihY4f
Amery,aduignan7o@unc.edu,arivitt7o,CupGSI
Bryn,bgalle7p@delicious.com,bgoodby7p,KTQyri
Glyn,gtradewell7q@rambler.ru,gelwyn7q,X9dr3UiMy8
Mick,mbortolotti7r@mit.edu,mmcdiarmid7r,vwgoxCHM
Abigael,athomelin7s@chronoengine.com,amacbey7s,Nn4UTW
Devy,dfirmage7t@engadget.com,ddecruce7t,aELXJhZtIVp
Liz,lkarle7u@sitemeter.com,lbadsworth7u,Q29YQuhka1g
Christos,cromayne7v@fda.gov,cbielfelt7v,R5VId2
Karolina,khirtz7w@histats.com,kstace7w,cgPYrdiyunBj
Bevon,bfeeley7x@quantcast.com,bacheson7x,RJTyVh
Romola,rfiddy7y@hostgator.com,rshaw7y,oSgRIlbR5D
Blondie,bmcghie7z@google.co.uk,bcoggen7z,IE6l1R
Lonny,ldudney80@php.net,ldyka80,kcFxEG
Leland,lwoolerton81@opensource.org,ldemeyer81,YtbwsPv
Celine,clongland82@redcross.org,cgodart82,JrmwMY5
Grace,gbech83@nature.com,glaxton83,DWjM3zdpyXc
Adolphus,alagrange84@apache.org,afretter84,RinzXFKAc
Mathilde,mbarus85@marketwatch.com,mbraime85,KF9Jg0dxn
Franciska,fleere86@craigslist.org,fbirtley86,gaZgBg
Danna,dlabrow87@nih.gov,dstode87,VhKHWo7erN
Theo,trentcome88@wix.com,tshelsher88,5bw6p6i8oj
Konstantine,kwalak89@nyu.edu,kenochsson89,Vd0vzFNC
Franz,fjorin8a@twitpic.com,fbassford8a,iq2JpBR
Bella,bslipper8b@meetup.com,bbrislen8b,qgyZxyYF
Gayler,gheyfield8c@lycos.com,gjerrans8c,aBzAZfUv
Elsey,esimko8d@imdb.com,egiacomozzo8d,fuD8hN
Stanleigh,smclelland8e@163.com,skegan8e,qUFw8E
Nefen,nszymanek8f@virginia.edu,nlaurenzi8f,XcmPsClE6EK
Tillie,tfeatherstonhalgh8g@storify.com,tchazier8g,HIFmxx
Domini,dbransden8h@marketwatch.com,dpether8h,0AntFmTsYF
Toma,thimpson8i@printfriendly.com,tvanderdaal8i,NOkFIq0
Nolan,nhoggan8j@usda.gov,nlydden8j,8Ghsl7Uo
Helga,hkilvington8k@altervista.org,hbrunning8k,FTrImkVse6FZ
Sid,sthickpenny8l@statcounter.com,slindmark8l,K4rLtBJSc
Ed,esaice8m@wsj.com,egalbreath8m,EdfTLdvXd
Goldarina,gfarrant8n@dedecms.com,ggaineofengland8n,SBrAnFE0zgdk
Monica,mdongall8o@com.com,mnajera8o,JqhGHpzO
Lexis,lstrain8p@prweb.com,lyeude8p,VhfStdgDAtlI
Ardisj,amuggeridge8q@odnoklassniki.ru,adumbarton8q,tZ5Ng4cOx
Corrianne,cblake8r@soup.io,cclemmens8r,I8nIiRAz
Kat,kbroxton8s@sbwire.com,kdonnan8s,G8BT08
Eadmund,etomovic8t@latimes.com,ekohring8t,NZ86nD62
Flemming,fdahl8u@nsw.gov.au,fburgyn8u,pZJGvH06
Lenka,llafranconi8v@ox.ac.uk,lcescotti8v,9PMOzBpwS
Miguelita,mcadding8w@wix.com,mverman8w,4R5xUq5Vp
Tedra,tcrewes8x@irs.gov,tsigart8x,KRbaLcCVmn6v
Clayson,cmccourtie8y@odnoklassniki.ru,crolf8y,cuY26v
Reba,rfergie8z@purevolume.com,rphipson8z,iIQqbeV
Darill,ddeighan90@photobucket.com,dscain90,JpowVX
Wilt,wtimmermann91@1688.com,wgenders91,U1NtVg
Conway,cbasterfield92@icio.us,ctopaz92,skJMbY
Wallace,wmalamore93@alibaba.com,wkennsley93,RjQC39
Cristie,cparratt94@w3.org,cgove94,dRhALp
Joseito,jgoater95@indiegogo.com,jstirtle95,nyX5auwKmp
Micheline,mweightman96@house.gov,mlaffan96,gg0BcZa7J
Tod,tgaitung97@dailymotion.com,tpunton97,f5IS4OJ5O
Giorgia,gdinan98@economist.com,gbalstone98,wQebEW3VoG
Far,fbunch99@unicef.org,fsimoncini99,479RHYeeNn
Ripley,rmcpaik9a@mlb.com,rroddam9a,CCm0ckPS
Dalila,doulner9b@artisteer.com,dfrier9b,eZXf9A
Bartholomeus,bwolton9c@bluehost.com,bscaddon9c,Zr9JFGOzvUZF
Ephrayim,estratz9d@ftc.gov,emccreery9d,qXWDNlkBkVI0
Celestyn,cheselwood9e@omniture.com,ccufley9e,eXpGmaEKL
Irwinn,itocknell9f@mashable.com,iconquer9f,hq5mMbn3H
Serena,sarchell9g@dyndns.org,sroiz9g,jEZyMor0gZWI
Kristel,kcapponer9h@stumbleupon.com,klerigo9h,Tlc6yClb
Aloin,ascarsbrooke9i@opera.com,awebbbowen9i,QxD5ngxQNk
Odette,ofarman9j@guardian.co.uk,obuzek9j,5pWedykLD
Terrance,ttue9k@wikipedia.org,tphilipeau9k,WfVJE6ljBuR
Justinn,jleeke9l@wsj.com,jbean9l,s6841SZ
Gerhardt,gboorn9m@dell.com,gdroghan9m,xetjRfLbOSee
Domini,dplank9n@alibaba.com,dgawne9n,cL8vE2mkEI0
Fanni,faris9o@mac.com,fadamides9o,hI6odeF8ip
Adel,atarquini9p@marriott.com,ahatfield9p,2E3ISb9M
Teriann,tottey9q@mysql.com,tdriffill9q,usKx0Q
Renault,rlamas9r@businesswire.com,rraft9r,5Y7PkpJ0uXf
Pamelina,pyvens9s@intel.com,plinacre9s,MqELHT
Ingmar,ibellis9t@4shared.com,idreghorn9t,MdcnJfwI
Ruy,rmaffiotti9u@imdb.com,ribell9u,mJKDur5sHEl
Daryn,dstannering9v@ucoz.ru,dbarrell9v,fXx7rn
Elvis,ebourcq9w@deliciousdays.com,ebinham9w,lax2QW2
Cullie,cmelmore9x@mapquest.com,cwhitloe9x,ID4Zkj3ul7
Ab,apostians9y@blogspot.com,abrockbank9y,oKoFY09rq
Alberik,azywicki9z@examiner.com,adunlap9z,CXYM7cMTmCE
Lacee,lwinridgea0@ox.ac.uk,lsouthernsa0,xKpeQrCA45
Gwen,geilharta1@shareasale.com,gmaxsteada1,WAPf76qOj5lO
Mitchel,mphilpottsa2@desdev.cn,minkina2,FDsO7cpMEa
Ky,kchidgeya3@prlog.org,kjeanesa3,FiZBYdS
Ripley,rkaysa4@wikispaces.com,rhowchina4,1Oo0eCiy6
Leda,lsiaspinskia5@marriott.com,lharga5,06Ocru7rE8Vl
Christiana,cnoddingsa6@scribd.com,cmeldona6,0CtqBL94uJ
Libbie,ljellybranda7@yale.edu,legglea7,8WLF6f
Krishnah,kboyata8@wikia.com,khurcombea8,BpF0UcUw
Catie,cmacrurya9@apple.com,cgatesa9,9d9Z3YlxKrJ
Ethel,estychaa@github.com,edurtnellaa,xaCmiC5dTdy
Fitz,fmathysab@networksolutions.com,fclarsonab,gs2VzVmJ
Terry,tdrabbleac@msn.com,tlangmeadac,59mR1talpV
Melisent,mkinnairdad@woothemes.com,mbiasottiad,cpRqTCsOi647
Jobi,jupsaleae@bizjournals.com,jgennerae,lkCBlOrsAsh
Sophia,slethlayaf@loc.gov,scastelotaf,V8cqg0
Colleen,cisetonag@comcast.net,cbullentag,JIYgoq4654o
Dilan,droskamsah@google.co.uk,dweatherallah,6fqsGPo
Abie,asaundersai@ed.gov,arispineai,RG7Cbf9vRaFf
Shellie,ssalvadoriaj@go.com,sheckneyaj,0nFEhPRxjx
Diana,dfaganak@blogspot.com,dearlyak,JgXhgrwAqss3
Pierette,pmabbittal@nba.com,phogganal,ZzPMg1p
Danna,dmanderam@desdev.cn,drubinfajnam,QXA1ZLS
Anneliese,aproschkean@amazonaws.com,aprandoan,xIL6TxW9uD
Micki,mbullmanao@canalblog.com,mfealtyao,FSCQVzZw
Melva,mscrubyap@privacy.gov.au,mhebbsap,E18bjutsfORw
Demetre,dgallaq@wordpress.com,dwaisonaq,ljxxoxf
Cathrine,ctrumblear@paypal.com,cmattielliar,zT1M2i
Doretta,dwalaronas@craigslist.org,dtoffanoas,Ms7hoQfFbD2F
Emilee,ebiskupiakat@vinaora.com,egoodramat,EJEJTYi0Jm0
Graham,gheadrickau@creativecommons.org,gallewellau,ipBAxWFC3jm
Malachi,mcolamav@a8.net,mwigzellav,Iyrl6lt9H
Velvet,vdunckleeaw@ocn.ne.jp,vdohmannaw,515VYatxQFs
Dorothea,dklauerax@163.com,dhaightonax,S4bCVj3
Vance,vadesay@yelp.com,vmosdallay,e5uqliv
Marina,mdrysdaleaz@forbes.com,msimeoneaz,lL8zVm9DPKx
Carmelina,ctithecottb0@istockphoto.com,cbloyesb0,PRy5a6LymuG
Ciel,cpenddrethb1@hc360.com,cozintsevb1,OFOHyoweVxhX
Rebeca,rmarfellb2@webmd.com,rdounbareb2,fcllg0BXeY
Kerstin,kgenneyb3@friendfeed.com,kstoodleyb3,fc9e8EQ
Michal,mdictyb4@seattletimes.com,mmullisb4,jjoxzclhCy
Des,dsalsbergb5@constantcontact.com,dvanoortb5,3FmDUV
Diane-marie,dyeardleyb6@weather.com,dsunderlandb6,xPvbVM4KL
Margarette,msmitheb7@examiner.com,msaffrinb7,TeoStN
Adiana,ahanrattyb8@globo.com,aornillosb8,IxFxQD
Donni,dmeldrumb9@psu.edu,dbembriggb9,XoLDU87Ld9YL
Arthur,alobleba@senate.gov,aedelba,8zTekLm
Reade,rcelandbb@cbslocal.com,rtollowbb,rNoBecT
Lynnelle,lpraundlinbc@telegraph.co.uk,ltumilitybc,7WaHXZL
Catherine,cburnerbd@eepurl.com,ctinlinebd,XiIN4ram6I0
Dylan,dreddingtonbe@irs.gov,ddyballbe,68imMYy
Waneta,wdykinsbf@springer.com,warcherbf,7TOIxB1F
Olag,owellerbg@si.edu,ojaffabg,9EJP48Sbm9
Preston,pdibernardobh@prnewswire.com,phayhurstbh,dz90Il1Xb4uK
Zara,zfurberbi@google.nl,zklessebi,q9jZrSYZH
Bear,bkervinbj@netvibes.com,bmatoshinbj,i6D7xyV5
Gill,gpedrickbk@earthlink.net,gcunradobk,scY6WiejoGC
Olin,obarfordbl@tumblr.com,osyphusbl,h5xewscSTBa
Bale,bcrewsbm@redcross.org,bmeneurbm,mTPcqxWzV
Lewiss,lmacfaulbn@timesonline.co.uk,lvanthoogbn,L9rHFJ
Thorny,tjaimezbo@t.co,tsignoretbo,1r3XLmzPXpha
Elliot,esheenbp@umich.edu,estainsbybp,ZLciBd
Averil,aramblebq@time.com,aleybq,c8ZubZW
Wald,wtanbybr@flickr.com,wdunningbr,HuxDnB
Con,charrildbs@google.it,cmerigotbs,igmDGkCQFQ
Serena,sramsellbt@techcrunch.com,sgeggusbt,gBLSyooi
Freida,fscothernbu@alexa.com,felgarbu,WkklL3
Joann,jfurlongbv@vkontakte.ru,jmarxsenbv,nhrDl6Ay
Warner,wconisbeebw@apple.com,wsawartbw,jJj3d1cg
Gualterio,gvannerbx@tumblr.com,gknightleybx,4IgR8YYXivZI
Lombard,ldeambrosiby@123-reg.co.uk,lvanyashinby,rXvQU5Oi9L
Stillman,slinehambz@army.mil,spontebz,TlL1czn
Sebastiano,sizkovitzc0@nifty.com,sambrozc0,NeLrrEH2o
Regan,rhullyc1@usnews.com,rkennellyc1,89P5JLHtHGT1
Lesya,ljoshc2@kickstarter.com,lbalkwillc2,QnTlk9AcJIM
Reyna,roldredc3@sciencedaily.com,rpinac3,MbiCgxo0m
Diann,dprinec4@japanpost.jp,dmaccallisterc4,LQSzZXdjKb7L
Katey,koubridgec5@ucla.edu,kickec5,zhylc2
Marney,mbastistinic6@360.cn,mgrittenc6,hmE13nA26nG
Bartholomew,bcloughc7@devhub.com,broberdsc7,B65rljuFg
Cesar,cfrantzenc8@intel.com,cbecconsallc8,U336fkn
Beckie,bkristoffersenc9@reddit.com,bocarrollc9,eAxrfKMNRw
Tremayne,tgaunsonca@flickr.com,tlistoneca,Z1fnTNs
Rustie,rslippercb@example.com,rrussocb,D2umoPUFMB
Curr,ccradeycc@csmonitor.com,cwhathamcc,MoYSXs3Bltn
Blinni,bezzlecd@multiply.com,babotsoncd,72Cb5Lz9B0k
Viva,vpoolmance@google.cn,vfinlayce,cbiIujW
Neille,nmartellocf@walmart.com,nroscowcf,iPYpJkEjJ
Coletta,cdrifecg@nymag.com,csleathcg,LLyG340
Jerrome,jmaestrinich@stanford.edu,jtheodorisch,e40ZlV
Marlee,mbrocklesbyci@state.gov,mstorahci,W7GI9wFI3lM
Chet,clintotcj@tinypic.com,cmcgiffordcj,0F7036Hs
Maible,mdelafieldck@163.com,msallingerck,0KdbW96L
Dulciana,dcarslakecl@nyu.edu,dmoniercl,wvZ1vLf
Adina,achoakcm@etsy.com,acondoncm,bAilKIJbBWc
Maggy,mpheasantcn@auda.org.au,mbrandincn,lNcDs7X2qNR
Kent,kandryuninco@technorati.com,klambertinico,Ky1mHbI
Rozalin,resparzacp@marketwatch.com,rgiacovellicp,7jwRJM
Hilde,hgoggeycq@dailymotion.com,hknottcq,Zj5s2z5
Kipp,kbyrdcr@goo.ne.jp,kjentcr,75v6mE
Kassandra,kmundeecs@comsenz.com,kgeibelcs,RTK6XOIPqrv
Doroteya,dmacpaikct@mac.com,dsalesct,K88JAiTvA
Freddy,fmchirriecu@ox.ac.uk,fduddincu,NuGEMfh
Barnie,bferrimancv@mapquest.com,bisgarcv,U2AvwiTefrRI
Kalinda,kmccaghancw@devhub.com,kstrakercw,FFkFv5gVyW
Giavani,gloftincx@businesswire.com,gmccaullcx,OTvbMF
Giralda,gdaniscy@diigo.com,gjeanetcy,MRGRaMkrLxzA
Padriac,phammerbergercz@hp.com,pchongcz,aV3x90Nc
Tobiah,tepgraved0@list-manage.com,tmiskend0,o2YnwgY8GX
Miquela,mwattersd1@deviantart.com,mlathed1,HlCMAybltd
Milton,mosmentd2@acquirethisname.com,mbourdond2,G41qx1WoCtt
Tana,tcarpmiled3@ocn.ne.jp,tattenbrowd3,JzaRjX
Yalonda,ydunlead4@mtv.com,yjulld4,g9XbsMx
Marlee,mgirardezd5@japanpost.jp,mjepsond5,y4fqut1M
Caty,czmitrovichd6@gov.uk,cpettipherd6,ICIGzMrUFm
Olly,okezord7@goo.ne.jp,ofleischd7,DUDU6q98dFZL
Barde,bapfelmannd8@reference.com,bmuzzid8,iahsr9wr
Ashley,atownshendd9@patch.com,akenniond9,DaGABJxyO9C
Tomi,tgirardyda@posterous.com,tbrashierda,2yyXXI
Linoel,lkinchleadb@cornell.edu,ldedrickdb,yA479HVRoDQD
Abigail,abellwooddc@japanpost.jp,astaniforddc,DHRYYNay
Deonne,dsoamedd@springer.com,dgrimmerdd,2R6PFmlgux
Orran,oohalligande@un.org,oplaidde,g8Pw0nO
Geralda,gslatforddf@rambler.ru,gsizlanddf,zTcx6aY
Saul,schiltondg@cocolog-nifty.com,sworshamdg,R21jg3Vt
Finn,fmeininkingdh@blogs.com,fpavinesedh,P8n3fFn6gOch
Deborah,dlangelaydi@jalbum.net,dfaircliffedi,9Txl4a
Cordelie,cselldj@moonfruit.com,cyarddj,TCH8kpDMRBV
Thomas,tvasenindk@indiatimes.com,tmclemandk,eTcnk4
Winona,wschulzdl@nps.gov,wbruckmandl,D4n7d7WlxZUO
Gavin,gfoshdm@theglobeandmail.com,gleederdm,Hgcqyvzv
Adria,aperrymandn@netvibes.com,aharralddn,a653aB2YIaAd
Tiebout,tbraithwaitedo@prlog.org,tcolletedo,hyWc00H
Kessia,klongthornedp@netlog.com,kriddlesdp,7tSmBfjELztC
Joelynn,jgeertsendq@ebay.co.uk,jsennettdq,M2cWvr
Montague,mseymerdr@pcworld.com,mfirmingerdr,YqlJKGn4
Toddie,tknibleyds@angelfire.com,tlovingds,sHl3kLTc
Debby,ddrengdt@ucsd.edu,djenmandt,0lR8jr7l8
Caroljean,chammersleydu@dagondesign.com,civeaghdu,9bwgbJRto
Lorie,lskillicorndv@springer.com,ltomlettdv,toD1MjF0G
Corabelle,cszepedw@wikispaces.com,cjacobovitchdw,K4MXYq36WY
Conway,ctwamleydx@vkontakte.ru,cwhitesondx,3Jmjsi
Frasier,fkellanddy@boston.com,flornsendy,BR2rR8D
Rayner,rwinsiowieckidz@tripadvisor.com,rvasyagindz,2sf4ggYM
Huntley,hbockine0@apple.com,hfullegare0,6yAE3oSRcUyh
Patty,pmitkove1@seesaa.net,ppatterse1,ICO7MJg
Dew,dkiliuse2@last.fm,dmackenziee2,65nFqreuR
Rianon,rbispe3@chicagotribune.com,rwickliffee3,KPogkdgv
Meara,mcleevee4@ftc.gov,mdemere4,6vqMdQB
Brittne,bkavee5@icq.com,bjezzarde5,W2cj4X
Bride,brablane6@unicef.org,bavisse6,QrqOMq0BcJ6
Grete,gpietrzake7@umich.edu,gstelline7,SCGKvaYTdHj
Minnaminnie,mfibbingse8@over-blog.com,mbandee8,ykJLF0iA
Tracey,tsalkilde9@narod.ru,tnayshee9,rnuXqOEs2sBB
Noreen,nhrishanokea@nationalgeographic.com,nridwoodea,CS70gtw7R
Denver,dohallaganeb@furl.net,dnunsoneb,vNa4ztgCPacS
Garnet,gtomczykowskiec@digg.com,ggrigorianec,6LCxGP2f
Elijah,efosbraeyed@usatoday.com,efoulstoneed,B5Z7yV2
Franciskus,fsalleee@thetimes.co.uk,fhalletee,VOQephAINFzu
Hugh,hmcquillenef@nhs.uk,hholdforthef,cnrCXClEPK
Bessy,bgreenhameg@jigsy.com,brougheyeg,ub8QKp
Roldan,rribeyeh@bloglovin.com,rboobyereh,sQaUYl
Lennie,lquilliganei@japanpost.jp,lballanceei,RyQ7VJC
Demetris,dklicheej@dagondesign.com,dtrammelej,8mhU5I9eMRe
Clevie,ccornillek@woothemes.com,chawkettek,xZg7rnp
Susi,sfurseel@telegraph.co.uk,smayallel,eIbgu4
Reg,rmazzeoem@va.gov,rklehnem,hMJJaks1
Darlene,dsowooden@virginia.edu,dgeryen,RXTFgkXbaJvD
Abbey,amorfortheo@economist.com,amillareo,CdZ9u1wHAWV8
Ophelie,otabbittep@zdnet.com,othornleyep,euBHiAKTeRW
Janie,jdickeneq@ucla.edu,jprestidgeeq,OxPDiKdW2
Vikki,vabbitter@weather.com,vparkinser,t0NeKXHWrKRQ
Taite,thallibertones@ycombinator.com,tgandares,E1Y4FmVup7m
Stanford,sgallantet@telegraph.co.uk,sdundredgeet,g55XsxlUPtaD
Randee,rbarnewilleeu@nytimes.com,rjedrzaszkiewiczeu,qqv5thZzG
Constantia,cbrayev@blogspot.com,cbennettoev,NoZ488N
Rachel,rcammockew@oracle.com,rtaffeeew,gh5IJ1L
Heloise,hlillywhiteex@mashable.com,hautieex,G43zI8joPE
Robinett,rdutchey@smh.com.au,rgringleyey,ZpR8necfy3j3
Kyrstin,kdobrovolnyez@tuttocitta.it,keggleez,uigkxFr
Moss,mclemintonif0@t-online.de,mwheaterf0,iSQSK93
Michail,mhuglif1@smugmug.com,mdottrellf1,Df4rZMMx1vab
Winna,wcamlinf2@about.com,wpraundlf2,mgUu34yqwOcS
Zebulen,zremirezf3@acquirethisname.com,zanglinf3,ceBPSk
Agosto,apaskinsf4@mapquest.com,ababalolaf4,n7rDuvfQIOG
Cathie,clegganf5@hud.gov,cbadbyf5,PRsv0d4
Matilda,mtiffinf6@who.int,mmackf6,GEQf4koUo
Nolie,nfinbyf7@imgur.com,nphibbf7,6NVywHB
Toma,tsplevinf8@nasa.gov,tweekesf8,evZtDs281tkc
Dniren,dmasseof9@craigslist.org,deaglandf9,qMqLwrv
Louis,ljewersfa@amazon.co.jp,lbathurstfa,apiXySDndO
Christos,cosuairdfb@spiegel.de,cjornfb,hOgNc9pv4qC
Thekla,tstilgoefc@bizjournals.com,tjeacockfc,FjoIpPkkGwp
Alleyn,asimenonfd@hostgator.com,aplumridegefd,7Zed4o59R
Ephrayim,eperigeauxfe@reverbnation.com,elocksleyfe,HfqACX1
Corbie,cpaddenff@vimeo.com,cshirerff,HImUGSsxZY
Judie,jzannollifg@netlog.com,jmenaryfg,nngfkTk
Rufus,rfranssenifh@list-manage.com,rpluvierfh,G2BQLJA
Georgetta,gzamoranofi@printfriendly.com,gacedofi,c7UJHrq6
Jessee,jdooleyfj@g.co,jgardfj,jbM0g0dtyE6
Mike,mjeffryesfk@cpanel.net,mnovicfk,kJJh7aFQi
Goldia,gdupoyfl@amazonaws.com,gdodridgefl,jb3OdbJ
Idell,iwilmottfm@hc360.com,igrigoliisfm,2g6JH8dwvcfO
Carson,ckyttorfn@unc.edu,cosbornefn,Xz8NZZNb492
Augustina,aaldwichfo@51.la,agoodinfo,aKjsPd
Tabina,tmillingtonfp@bizjournals.com,tpachtfp,p7BbZTBWDO
Brittne,bmaclleesefq@t.co,bpedderfq,VcXd7j3zT
Agneta,aifefr@springer.com,acorlettfr,M1Cn1bjSK4uu
Danica,dramshayfs@free.fr,dcottierfs,FcZNu1
Chick,cklasft@exblog.jp,cfrapeft,ZyRY1njGsb8D
Claudius,cmalimoefu@google.cn,cleggenfu,1NMIohFp
Pauli,pmeatcherfv@disqus.com,pburgynfv,W2nwtrTir1
Herbert,haikinfw@psu.edu,hflaonierfw,YB4Totof
Crichton,cdollarfx@wunderground.com,cbocfx,tgaTLw8
Alisa,azahorfy@vistaprint.com,ahakeworthfy,knwlShxP
Ailbert,amcknielyfz@nhs.uk,asabbatierfz,CEdQHAqcYI
Shamus,sfredyg0@ucoz.com,srapportg0,m5jeOAdnJka
Akim,abavesterg1@ycombinator.com,apitkeathlyg1,uVn8GkNVmNKF
Nero,nscarrg2@economist.com,nmolsong2,W2ZCsqRs43
Griffin,grupertog3@princeton.edu,gspurierg3,KL4DzF5jdA25
Stacy,stommasig4@google.fr,sdenisardg4,WCPy3BUxSQ
Cristin,cputteng5@mozilla.com,cfidalg5,V9l18eDGs8
Darill,dpincottg6@yellowpages.com,dbaildong6,ZAeyGQ9Myt
Gregorius,gyouthedg7@devhub.com,gcabellg7,yJjSwKWH8H3F
Birch,bbeddingg8@cmu.edu,bainscoughg8,Fr53tsLokqW
Ernesta,ekimbleyg9@google.es,eemerg9,nr9t9seLz
Vachel,vpanterga@about.com,vocannovanega,Fp1OaFYRLIPy
Moira,msellickgb@nationalgeographic.com,mmarikhingb,r9BrVjRHGKi
Clark,clowgc@symantec.com,cyegorshingc,noP3qv8zpySM
Patrica,ppardewgd@youtu.be,pryallgd,kFFvyWXPrq
Charmian,cmelloyge@opensource.org,ckeiltyge,1wl2lN4tJ5x
Ruperta,rmelmothgf@cdc.gov,rdaybornegf,E2Z84Wk8
Gizela,glodewickgg@yelp.com,gstrippgg,swX6qQswRun
Hyatt,harchbouldgh@oakley.com,hmattongh,k2lt5iMvK4D
Winslow,wandresgi@webmd.com,wreinagi,WkRZ70Jm
Jolene,jjoblingj@bing.com,jelsmoregj,QdMKEDy6cG
Shep,sheggiegk@opera.com,showdengk,VMxG6hR
Graeme,gcasterotgl@instagram.com,gstirlinggl,xDh1jHAW7ZxL
Ardenia,abarczewskigm@reddit.com,aliccardogm,FaNiwPyj
Stepha,sohowbanegn@homestead.com,ssallinggn,yKoaFOeXV8
Nikoletta,nhartburngo@ocn.ne.jp,nroadsgo,IMl7Ld
Fionna,falbersgp@e-recht24.de,foliveygp,DsvkS4
Eal,efellowsgq@shutterfly.com,egotchgq,Me6aW7SYJq
Abigale,agettengr@state.tx.us,aduplockgr,2Xa0BLd
Joni,jwherritgs@sina.com.cn,jsimionigs,7C4eOJsHgi
Uri,upitcaithleygt@imageshack.us,ubradanegt,PI06CtGoXL
Leonard,lchadbournegu@webs.com,lbagshawegu,giccB0UPjl
Billi,bsimoningv@hatena.ne.jp,bdominicaccigv,vmQDEBwLYg
Dennet,dmariotgw@github.com,dsinneygw,krbvtk8AcxS
Hamlin,hstansellgx@spiegel.de,hconibeargx,EIsYKOrjU
Conny,csemeniukgy@baidu.com,csainsburybrowngy,NZaX0Asy
Ned,ndarcygz@aboutads.info,nsiregz,QcYJxN5uvej
Joelle,jbalnaveh0@flavors.me,jbinsteadh0,DztRtyZN
Horst,hbowditchh1@cloudflare.com,hlongeah1,YgJtD3f
Jard,jvictoryh2@patch.com,jbelliardh2,JHLawHGea5N
Biddy,bballamh3@nba.com,baronoffh3,bGdCLbAhsfv9
Jemimah,jpooreh4@telegraph.co.uk,jpammenterh4,FRWwqry
Nady,nommundsenh5@miibeian.gov.cn,nbooyh5,wUBj9sVFzXk4
Shell,srabierh6@woothemes.com,stedderh6,ebHUfEDi3L
Yalonda,yghesth7@uiuc.edu,ykochsh7,8CD8x7D
Anthiathia,abaxandallh8@thetimes.co.uk,atollith8,ksy6xMn
Nikkie,nflorenceh9@livejournal.com,nwolseleyh9,vmRumyG
Waring,wsimmonha@google.com.hk,wmarzelloha,jRJN32wY2b
Karoly,kbudnkhb@gmpg.org,khartopphb,0mLKhzurQ
Martie,mwinserhc@google.co.uk,molennikovhc,ID0lbf4nkcm7
Eleanore,ewehnerrhd@naver.com,ebartlemanhd,N5F5pLgqQRS
Petronilla,plilleycrophe@plala.or.jp,prozenzweighe,C1IuN7EFGc
Verge,vreaveyhf@nih.gov,vharcarsehf,jFgkqXMRJ
Richardo,rskellyhg@bravesites.com,reretthg,WeKzLy8z329c
Heather,hditchetthh@smugmug.com,htembletthh,K4sI5WhkqjKm
Mano,myashanovhi@techcrunch.com,mspatighi,WhPoSeDjGf
Lillis,lcleifehj@jugem.jp,lchesmanhj,TNLKoX9x
Lorilee,lstotherhk@statcounter.com,lgleadhallhk,PBMuYjnxGcv
Arturo,aleaderhl@nhs.uk,atapehl,EDcTQJ
Rhoda,rmaciaszekhm@psu.edu,rtirehm,RkOeR5N
Frankie,ffarryhn@deviantart.com,fmelburyhn,TIxOLnB
Ram,rbehnenho@redcross.org,rchapleoho,6XCjcImhMUrj
Justine,jweardenhp@joomla.org,jshipstonhp,4colD1rmLdS
Shae,shackeyhq@rambler.ru,sedmondshq,nzfQe9a
Maddy,mmarklowhr@4shared.com,mlemmhr,8HOyzJ8Nq6Pz
Alwin,abouldshs@earthlink.net,acharlickhs,8NGxuByJVPJ
Gaile,gklaffsht@dot.gov,gcarberryht,hjboyVRbyHOo
Carlynne,charburtsonhu@deviantart.com,ccissellhu,xp8A9hcx
Lewes,lbroschhv@blogs.com,lioselevhv,ARBgCQSC
Julienne,jhartleyhw@usa.gov,jnencihw,K3nTE27bTtN
Myca,msmallcombhx@meetup.com,mmckinneyhx,JAurLZQ6
Evelina,emcalesshy@paginegialle.it,ebrasseurhy,6mtpRv
Elladine,esprowleshz@mayoclinic.com,eruppelihz,DaAcWNLoER
Ario,aellicei0@google.com.au,awestolli0,6n7ToVK
Brenden,bmathiveti1@ucoz.ru,blawliei1,8z6RWp7Z
Marlyn,mmcclintoni2@typepad.com,mjendruschi2,Qqa9PE1lx569
Hildegaard,hbullusi3@narod.ru,hkinneallyi3,tdxzW0BW
Caprice,cfindoni4@is.gd,ctybalti4,ryERVn
Wolfy,whindricki5@ft.com,wwinskilli5,KqkyMhbQI
Chrysa,csweetingi6@google.co.jp,czanottii6,Oo49fkcmeP
Ike,ilinzeyi7@cisco.com,ichampneyi7,tAX0mrpKYED
Diego,dposeri8@telegraph.co.uk,dirnisi8,BQmzK5nw4
Brendan,bmcnishi9@foxnews.com,bwesti9,gBhznn6KM
Finley,fbratleyia@wix.com,fdaykinia,ABQb74
Waldo,wjobernib@jalbum.net,wrutgersib,lluYxHh
Daria,dblasic@slashdot.org,disleyic,DI2x3Y97B
Kristal,kruspineid@booking.com,kpressnellid,1R5kfiLKi
Kat,kmullinsie@google.com.hk,khawsbyie,8eNETJ
Berny,bbrolanif@eventbrite.com,brhoadesif,1p0nnMskdg
Antonella,aharmestonig@behance.net,acoateig,KsguhoqJB
Carlota,cvernonih@europa.eu,civankovicih,qFeX1FJl
Janel,jadneii@nhs.uk,jmacneillieii,XS5kea6k
Clint,covanesianij@reference.com,cgethynij,xhoXqO
Lonee,lhovingtonik@squarespace.com,lpieperik,0PkgZzWYk
Emmalynne,emastersonil@google.nl,ejanochil,jjgPqBSHsk
Camile,cvezeyim@chronoengine.com,cocarmodyim,2kSqVfQE9J
Karie,kbrunnenin@sbwire.com,kbruhnin,nHN3yfPT
Lauren,lmacgiollapheadairio@google.de,lrentoulio,qkwjRQLFnfW
Muire,mtrudgianip@smh.com.au,mginniip,GkXKa1KS2C63
Neel,nmcilvennaiq@ibm.com,ndimaggioiq,RR25YZaKsF
Leigh,lgratrexir@dailymail.co.uk,lvasyuchovir,JxebfTqs0Bt
Denys,dmelarkeyis@home.pl,ddemorenois,6kk9F9glYElA
Eddy,erakestrawit@desdev.cn,ejudronit,x2ZZDXkK
Mikaela,mbadmaniu@webnode.com,mgeroldoiu,rdesBcoV
Mabel,mluetyiv@dot.gov,mlargeniv,1sQ0x7GsArS
Tilly,tesmondeiw@devhub.com,tpyburniw,uCcZz7
Yvon,ychadwickix@slate.com,yrichardesix,lb8Y1yww
Albrecht,abasteniy@myspace.com,ahandmoreiy,4l56kPn
Noelani,ntyrieiz@vkontakte.ru,ntidridgeiz,wXEjxw530w
Tiff,tgiraudouj0@patch.com,tknellerj0,7SWTcpdy1i1
Coralie,cwitardj1@prlog.org,cneilanj1,5deB1HpqCy8
Emmaline,ejepsonj2@live.com,epringleyj2,8234qCSYd6ej
Petey,pfraylingj3@springer.com,pspreullj3,CB70kMwa2cxb
Vikki,vpingstonej4@huffingtonpost.com,vevelingj4,GjNfMfcwA
Terrence,tstreakj5@accuweather.com,tleavoldj5,tu7N5MP
Petey,phaynesj6@businesswire.com,pstephensj6,32iVA7EMEg
Erminia,eshillakerj7@constantcontact.com,ealesioj7,9lsyFt
Dorie,dmatzelj8@army.mil,dhorrellj8,wVokssR
Lizabeth,lfarlambj9@furl.net,lcharrissonj9,COyXVDGxNl
Kordula,kardenja@pen.io,kmarryattja,CGSgdH
Urbain,uolyfatjb@icio.us,udahlgrenjb,hHbCj2WY
Woodrow,wshalcrosjc@comcast.net,wovidjc,mmWpiH9bsW
Onfroi,obugdenjd@apple.com,opatullojd,PuGFr7
Leilah,ldeambrosije@yandex.ru,lallcroftje,3js2hGl
Rem,rheinsiusjf@msn.com,rmorvillejf,VG5ExQ1w
Regina,rcramphornjg@dedecms.com,rquarringtonjg,RWrboMLG
Arleta,achevalierjh@jimdo.com,areijmersjh,K3XTNxr
Carly,ccabralji@yale.edu,coutramji,mkr88vj
Fernandina,fshutlerjj@mail.ru,fallewayjj,u6vU104HInZ6
Gannie,gkimmjk@twitpic.com,gkerridgejk,Zv4rDIT
Chandler,cleasejl@cnet.com,csinnockejl,ot0ECFL
Shell,sparkinsjm@yale.edu,shaddingtonjm,bczjIO
Rene,rcampaignejn@cnet.com,rmordejn,U11KvcMEnr
Eddie,estoffersjo@huffingtonpost.com,esheasbyjo,eeqEsAI3vQ
Gilburt,gmackeejp@constantcontact.com,gfrottonjp,uhOOm8t
Evangeline,emaltsterjq@topsy.com,esidebottomjq,mEPMxmNxwWZG
Gerek,glaurenzijr@loc.gov,gsygrovejr,FSHzlv
Tamiko,toffnerjs@plala.or.jp,tedridgejs,abcR1MYT4
Pavia,pbossonjt@google.es,pgirvanjt,ggRPVs
Nata,nstanworthju@huffingtonpost.com,nvarahju,NGOKDyydWQK
Ameline,adikejv@w3.org,athamejv,Mk917BhDa
Arlyne,amellersjw@examiner.com,ahaetjw,qZjl6srBC
Wilton,wmcduffiejx@canalblog.com,wclementejx,jbdimN7BmKM
Aili,amcsherryjy@issuu.com,abrikjy,Hn2JC4
Maximilianus,mcamelljz@columbia.edu,mpentelowjz,FTVqA97XUm
Aube,awinksk0@auda.org.au,acolacok0,aAqyZMM
Letisha,lblountk1@umn.edu,lbudgenk1,5w1jgWziukLZ
Godfree,gshitliffk2@jalbum.net,ghinchamk2,MSjKRpHpKqMC
Heda,hmatijasevick3@amazon.de,hbrecknallk3,mvdda7sz
Allyn,abeiderbeckek4@bing.com,ahaldink4,7G24m5iWGWwc
Marylin,mrontreek5@meetup.com,mhoviek5,TKib8Ansif
Tiffany,tlathayek6@amazon.com,tbellworthyk6,0JelqaOFY1NC
Caz,cmasdink7@fc2.com,cbacksalk7,nhvsvD
Gareth,gwilsherek8@wikispaces.com,gbannardk8,TP8UeTHW
Jeramey,jgiorgeschik9@jigsy.com,jharnellk9,wItZqZDv9alu
Torrence,tfaltinka@nih.gov,tboutellierka,GlK7uO7
Zak,zmayhokb@yale.edu,zheinkb,7ymEW0
Easter,eparreskc@netlog.com,ewallmankc,0NMYGhHXV32
Anthiathia,abyrchkd@github.com,afearneykd,fFqAGC
Anabel,acrocettoke@noaa.gov,areicharzke,voGxTr
Geri,gcrowekf@infoseek.co.jp,goharekf,1QnhRsg
Mil,mnorwoodkg@google.ru,msweedykg,8AG2DuGsZ5lX
Kendrick,kgreenheadkh@cargocollective.com,kmanasskh,Rvq9dG
Cosette,chrishchenkoki@sogou.com,cblinmanki,K2dyRRi
Duffy,dmacenellykj@constantcontact.com,dforsonkj,C0Qo87q
Gilberte,gprynnekk@cargocollective.com,gscampkk,D27zT0Hm0
Gianna,gcomizzolikl@twitpic.com,grahlkl,6GCr91OV8
Leslie,llewingtonkm@smh.com.au,ltatchellkm,vh9aGD
Simona,sfarenskn@chicagotribune.com,shannonkn,CT2S4RGx
Faunie,fcawtheryko@acquirethisname.com,fjeffordko,f0gIUI6jZNt
Neda,ningramkp@google.com,nduhamelkp,4f5AHJmmRn
Shelby,sadriennekq@canalblog.com,sfilipsonkq,NQxl6m5L6p0Z
Puff,ptoplisskr@wiley.com,pcockerhamkr,1pEi1CjE4n
Robyn,rgostlingks@webmd.com,rristeks,OxtrTL5ZkX
Clarey,cscarsekt@deliciousdays.com,cbloomerkt,SosNXexPUp
Erena,emcgillacoellku@rakuten.co.jp,emerrillku,9nmOAScSQ
Josiah,jchaddertonkv@privacy.gov.au,jgordgekv,uuCUmmha
Rip,rheindrickkw@alibaba.com,rknoleskw,y2a1W7i1
Becki,bkirkebyekx@cmu.edu,bdavillekx,DYw7vbNZLL0g
Delano,dromkeky@sun.com,dthorneleyky,JUa4cF0z
Henderson,hcarlkz@slideshare.net,hpavlishchevkz,RPkptBK23u
Joane,jthringl0@quantcast.com,jtruluckl0,jWj2J9hnPuRn
Elberta,elodwickl1@tmall.com,epoveleyel1,jsZZCUvAkPW
Arnie,adedomenicol2@51.la,adeevesl2,0TxPVdb
Fidole,fnessl3@phpbb.com,fdunckleyl3,fuYwmwGcd
Kori,kboldingl4@vk.com,ktumberl4,nmVi2J2K7
Lacey,lgilfordl5@intel.com,lrothertl5,I09vPBE0Ra
Perrine,paizikl6@si.edu,pdecarlol6,DrHXcijUcDw
Mal,msnasell7@rakuten.co.jp,mclaybornl7,GOfDJKO
Parry,pcamisl8@ft.com,pterrilll8,4EJkBuiq0rq
Randa,rbokenl9@ucoz.com,rgeogheganl9,gzO1pzK5lvq
Candace,cmartinotla@example.com,chollyarla,OmweXk
West,wmattisssenlb@sbwire.com,wjosephovlb,RSkWBKE
Ranique,rhehllc@google.com,rdrakelc,YslLC5LKKk
Beulah,bvigneronld@cargocollective.com,btytlerld,kqiXvvNFPg
Sigfrid,scossinsle@imgur.com,stregaskisle,eeJjhqvlP
Jereme,jboxlf@unblog.fr,jmachentlf,AMNx6m9
Brandyn,bcortonlg@wsj.com,bsimkovitzlg,8hHqQ7btMcW
Siward,sfusselllh@samsung.com,smcrorielh,NEzc8Q
La verne,ldinehartli@icio.us,lgoldspinkli,ImndQQPLspw
Zechariah,zdunkersleylj@wikia.com,zdwyerlj,yMIeyc
James,jmacmorlandlk@ucla.edu,jmcginnlk,ZDXjrhph9
Muffin,mdibleyll@fc2.com,mdagonll,Z3ZmYBA5
Ruddie,rbloorlm@vk.com,rkenracklm,JML4EnXJBFy
Karil,kmactavishln@army.mil,kellwellln,w4BbbWZd
Jerrilyn,jpourveerlo@google.com,jbladerlo,1OisabiXxlS
Norrie,norbonlp@ucla.edu,nconnikielp,yWimNONbgVH
Thedric,thuoniclq@sogou.com,tkeiglq,fBsmZT4s
Petronella,phuddlestonelr@flavors.me,peringtonlr,VJ59ah
Alon,awestgarthls@washingtonpost.com,acluleels,1GqAEvhEYelE
Gerhardt,glemerchantlt@chicagotribune.com,gmapstonelt,IrpvOY2pSO
Rory,rhaningtonlu@w3.org,rgillanderslu,TuCqW4c
Kaiser,kismaylv@army.mil,kcarmodylv,JL74blD38HZe
Vannie,vfernelylw@baidu.com,vholehouselw,KPhDEN
Randal,rperringlx@nsw.gov.au,rbacchuslx,9BDATWbK0XuP
York,yfigurely@home.pl,ybahialy,NCRoZrG9
Andris,amcginleylz@hc360.com,acamplz,cfVfEslYV
Corrine,cwesthoffm0@photobucket.com,cmaccallm0,MO0N2d2HA58
Tris,trymourm1@microsoft.com,tjosilowskim1,NahiFP9dU
Carmelita,codornanm2@ning.com,ckibbeym2,018IVgCi
Jermaine,jromainm3@facebook.com,jborlesm3,o1Okn6iV5a
Fancie,fcasselm4@blinklist.com,fmarchbankm4,9RyDH9sgJ4
Delores,djoyseym5@discovery.com,dsaltsbergerm5,hMmJcH
Erminia,ekybertm6@msu.edu,eledingtonm6,R4ZzJ0
Berky,bjelleym7@google.de,bomullallym7,8gRwaCA1tt
Grenville,grogansm8@macromedia.com,gworsallsm8,fiKPgT
Martelle,mtreadawaym9@independent.co.uk,mhastedm9,Kfg8qI
Danell,dpetelma@tiny.cc,dmckeowonma,gnWx5VRr
Ailis,aelbournmb@rakuten.co.jp,agrigorinimb,1GP96w9U
Lonny,lwyldboremc@netscape.com,lboothermc,BEphh20
Garnette,gwindhammd@ca.gov,gdranmd,UXOvR3R
Drusilla,dgateleyme@timesonline.co.uk,dechme,iWWPK8Vc
Arni,aclevermf@cisco.com,acheziermf,Knq8EbX8ufc9
Tomasine,tstedellmg@linkedin.com,twallingmg,hNaK3w19
Roger,rbarmemh@gov.uk,rvaughtonmh,nPBF9aEGej7
Noel,ndrynanmi@amazon.com,nflementmi,wWVPX8xN8UHB
Neville,nkellochmj@alexa.com,nrollandmj,GnIpU9Pld
Conn,ccannanmk@java.com,cmalimmk,x4ZEfibQvqr5
Lock,lcocktonml@amazon.com,lyurenevml,NkHYJXdcO
Cami,csikoramm@imageshack.us,cgrcicmm,wEXDAPg6
Kerry,khazlewoodmn@spotify.com,khalstonmn,frPfkgW
Mort,mmaxtedmo@ucoz.ru,mlavrickmo,pxuV8efn
Roxie,rkrzysztofiakmp@163.com,rguiotmp,8TVUXEtPxaC
Cherrita,colagenemq@woothemes.com,cwestleymq,NNdgVH3
Thadeus,tbengtssonmr@tripod.com,tcosbeemr,Im9lPD
Brit,bdaycems@mlb.com,bfollanms,xW5SfFtkI
Mavra,mriolfimt@wikispaces.com,mgunbymt,9zA9v9LLvxg
Art,aparmbymu@ftc.gov,asimoninimu,bK57D1shTDrS
Torrance,tsegoemv@usatoday.com,tdufraymv,GcFygAc1E
Jaimie,jduignanmw@un.org,jmardeemw,j4cXVHxcd
Errick,echinnmx@arstechnica.com,emacallammx,JsvIaCaRr
Gay,gbegginmy@archive.org,gzemlermy,jO1sQq8Eb
Olia,obanckmz@networkadvertising.org,oaronowiczmz,EJXmcsdLciVB
Aksel,ahatwellsn0@topsy.com,aferronen0,1DnarC6
Ellsworth,egaudonn1@amazonaws.com,estrikern1,Ojn4Z6wQk
Dal,dbrugdenn2@google.ru,dputtonn2,1kkmpFBcujw
Wenona,wleregon3@goodreads.com,wshurrocksn3,mEhRx0rbqO
Lucias,lbarszczewskin4@apple.com,lgaudenn4,RpYrigoikj
Lambert,ldenricon5@google.co.uk,lyushankinn5,EHP9rcSaP
Bianka,bburnalln6@omniture.com,byarnelln6,5MRhV8YC
Estrella,eguiraudn7@multiply.com,efenwickn7,XTabScmkdD
Faustina,ffairbournn8@senate.gov,fbrantn8,TbB4eWE7Hu
Brennan,bkienleinn9@symantec.com,bfoyen9,rJ2HOCyF
Freddy,fgerleitna@tiny.cc,fgudyerna,kdUdvmmPxS
Betteann,bpfefflenb@oracle.com,brushtonnb,GkmKlSrxePx5
Lev,lsignnc@constantcontact.com,lchithamnc,ThKOChPo
Nonna,nmariettend@ning.com,npummellnd,vazAho1vT
Haven,hsacasene@blogspot.com,hvautierne,EowpXJVos5I
Ardyth,amailenf@dropbox.com,aovershottnf,bBWmiP
Renato,rnorthernng@google.es,rkulasng,lGLu2yvcN7
Crosby,chordellnh@msu.edu,cockwellnh,HGjz5BGvzL0N
Anjela,abiddissni@cdc.gov,aelliotni,9r05gVD
Bartie,bchastneynj@live.com,bmcphilipnj,GkMp7q0ydBC
Jayson,jtalbynk@howstuffworks.com,jcassonnk,nwMDNzK6pQ
Melitta,mholahnl@senate.gov,mbednellnl,QOcIuaW
Constantin,cpeilenm@xing.com,csmedmoornm,7i5uV6MWD
Wenona,wphantnn@yahoo.com,wcrystalnn,e0MbVC
Cecily,croelsno@time.com,cdragonno,pbbscpBr
Diane,dvalerionp@youku.com,dmathevetnp,LxZ3ne
Sindee,sgoulstonenq@illinois.edu,sguerreronq,e8wc5ptthB
Arabel,acootenr@dyndns.org,abewsheanr,ZMW5P8g
Lonnie,lickeringillns@zdnet.com,lzecchettins,J9TYedho
Peggie,pblaxternt@latimes.com,ppirduent,bonW1l
Thorn,tlovellnu@newsvine.com,tlugtonnu,WVrQEW
Gabie,gkenwardnv@ezinearticles.com,gredparthnv,3c3pGSAzpMnI
Burl,bsimoninnw@google.co.uk,bshanklenw,8uPojb
Berty,bbaumlernx@de.vu,bcornernx,dwNouSkrut
Teddi,twelbournny@stanford.edu,tmannoochny,J6fPrBM
Caro,cstarbucknz@acquirethisname.com,cheintzschnz,gt8R7ut
Dulsea,dguilloudo0@apple.com,dpridmoreo0,rBfe15Oiyl
Elmo,eblowerso1@g.co,escantleberryo1,Dypbs3E
Alfy,aathowo2@arstechnica.com,aperrigoo2,kYwqQsB
Stan,smetherello3@bbc.co.uk,sbroadwoodo3,UfFNZBl
Delcina,dganfortho4@merriam-webster.com,daudleyo4,U51EEACt1n1
Sherline,scoughtreyo5@netscape.com,sgosslingo5,lc2IVo
Konstance,kpaddyo6@dailymotion.com,ktheobaldo6,9EGs4mDrk
Cristian,ccatero7@jiathis.com,cvenediktovo7,B8aOdqyb
Arney,aduffano8@house.gov,amatheo8,ZF9cE4
Hy,hbartoscho9@cocolog-nifty.com,hdufallo9,SJ3wKBmMt
Joice,jtheseiraoa@weebly.com,jsayeoa,lEx5ufFh5A6
Vittorio,vgintyob@economist.com,vscarrob,viNtwzV
Bertha,bklimentyonokoc@scribd.com,browselloc,DpczEN7
Sax,skhalidod@google.de,sbuschod,bKBYlYcJo
Alastair,akapiloffoe@storify.com,acoatsoe,4naW7QDe
Taryn,tmashof@shop-pro.jp,tgeorgof,3sr1Ms1O5
Cordula,ccaytonog@squarespace.com,clemmensog,vbngPFzX
Candis,cmarkeyoh@timesonline.co.uk,crowattoh,w8ZtIL8e
Pietra,pcolsonoi@disqus.com,ppottieoi,2GZNuvHu7H
Conrado,chaxelloj@washingtonpost.com,cescalaoj,yMJTfS1lJVUo
Ciro,csafellok@surveymonkey.com,cashnessok,Az7ewt98CZ
Elinore,eklichol@diigo.com,eyoellol,00lUmh
Ellsworth,ebarendtsenom@taobao.com,epeareom,HZJytA
Reinwald,rpettegreon@hp.com,rarenton,bmB5ToZ
Conchita,ctruesdaleoo@blogger.com,clesleyoo,bNtVUQx
Josefina,jarniop@scientificamerican.com,jmargaritelliop,MujECSw
Letitia,lglewoq@jigsy.com,lwisheroq,BhrxzHXb8
Althea,amaddiganor@chron.com,abrockingor,dUnvm6gMfeY
Wenonah,wferridayos@eventbrite.com,wbrollyos,QXQBmH
Morgana,mdukeot@lycos.com,mkirbyot,GYHMSgyw
Penny,pbrobynou@wikia.com,pscreenou,58S6Sf3z
Camila,cbaldrickov@netlog.com,cgrabbanov,aVlLkSaPGq
Way,wstolzeow@army.mil,wcadwaladrow,milZM6iZYlm
Gardie,gmcalindonox@ted.com,gkillingbeckox,e52ARw
Trina,tdescoffieroy@cam.ac.uk,tburhilloy,1goXEHWZe
Lenka,ldunsmoreoz@soup.io,lmouseroz,Y5xOXKqxmKr
Gian,gmcgannp0@example.com,ghyndesp0,5Oc6Ebl
Dom,dcoolep1@disqus.com,dduffp1,KYXpm7kJ
Garnette,gpinnellp2@google.com,gropkesp2,cMcu7S0XRSMm
Fannie,fferrarellop3@clickbank.net,fhubbersteyp3,8O9xpgRnQf
Lorine,ldikep4@unc.edu,llynnittp4,Fc1RlNyxYN
Beverly,broxbeep5@qq.com,bsauntonp5,DEA52qQHlUr
Chloe,cdaoutp6@list-manage.com,carchambaultp6,xk5o58sZzfC
Haven,hjimesp7@spiegel.de,hhasellp7,Vozakx
Shayna,sdavenellp8@a8.net,sdedomenicisp8,P9r39q6j
Claudio,cschiellp9@businessweek.com,cgilbanep9,nyr5S4
Junette,jlountpa@blogtalkradio.com,jteasdalemarkiepa,Yv9c7fCebVOs
Iorgos,ikwietakpb@loc.gov,idownsepb,DfqLqT
Christi,cblackebypc@imgur.com,cfeldharkerpc,VG58FIn
Cecil,ccalvardpd@whitehouse.gov,cblouetpd,pfEbORQlvIB
Ben,bklainmanpe@uiuc.edu,bhousleype,yZ4zqEn2qGP
Conchita,cshattockpf@macromedia.com,cattridepf,cdewgc
Kandy,kperkinpg@foxnews.com,ktommasuzzipg,Pgozb7pOzey
Benedicto,bconninghamph@4shared.com,bleicesterph,GVmdMkE
Mathew,mbovairdpi@free.fr,mtruslerpi,rj1U7CNdXA4V
Gavrielle,gtrippackpj@ucoz.ru,gkeelanpj,TZ9fWFx
Page,pdelacroixpk@rakuten.co.jp,pmenguypk,CVUBEa6Hn
Bibi,bdebiaggipl@china.com.cn,bbeldersonpl,59SJEaM9dih
Inigo,iskentelberypm@harvard.edu,ihaymespm,wWY2L4
Barbra,bsuttabypn@ocn.ne.jp,bmulbrypn,4pRssgx
Sapphire,smatantsevpo@cafepress.com,skobupo,FIwvcpG
Randell,rclarkepp@4shared.com,rarberpp,hh0Z6q0
Ynez,ymccanepq@ft.com,ydrowsfieldpq,111mweI
Sylvester,sstrondpr@github.io,schapelhowpr,Gtb31G7b
Maribelle,mskechleyps@jalbum.net,mfarnyps,8RHuBx
Micki,mmorriartypt@wikipedia.org,mhallowspt,nwgj6k3
Yevette,ygodardpu@prweb.com,yspilsteadpu,SyYpPFKN0cg
Aland,alemarpv@newyorker.com,ahattersleypv,owRHIsYn36
Bab,besherwoodpw@engadget.com,bangrockpw,BsRuQhPe
Elly,ehubbardpx@ed.gov,ekornousekpx,p9cbQpMnMIT7
Vi,vjohniganpy@godaddy.com,vtapppy,U1oWO9rtPkA3
Bridie,bsilverthornpz@ox.ac.uk,bspeekspz,9fU1wjimkG
Keely,kgommoweq0@yale.edu,kgillfillanq0,jEpBF55
Paul,pmulvennaq1@bloglovin.com,pkinforthq1,GCvmf99FVP5
Abran,aridholeq2@mlb.com,amatteoliq2,x7EMHVQC
Hakeem,hbuxyq3@reference.com,hstockowq3,2bHObLxV0VvC
Cristina,ctremouilleq4@reuters.com,cheindrichq4,mwS4FEbr3Tj
Rip,rfaceq5@ebay.co.uk,rtaggartq5,ZDCIH3yF
Marion,mstanierq6@mashable.com,mwiddallq6,WP3mVquZQ9o
Korie,kcubittq7@networksolutions.com,kfilippazzoq7,9dYSoaGQGPJl
Ahmad,aeffordq8@cyberchimps.com,abartlomiejczykq8,EmvH0RQiYXU
Atlanta,abatstoneq9@ycombinator.com,amordauntq9,GGqf2AEg
Guthrey,gpaschoqa@tripadvisor.com,gespineqa,dlWkQGc1exJN
Mureil,mlindbladqb@wiley.com,mstabbinsqb,iSVIdcLr5wA
Clement,cbiggsqc@feedburner.com,claunchburyqc,u2DvRsPW
Devi,dellseqd@sina.com.cn,dfoucherqd,7afo9TfD4Jj
Jeremiah,jbenjefieldqe@phoca.cz,jtibbettsqe,GEvbVdVi
Lemmy,lmadelinqf@cbslocal.com,lcasariniqf,HUPTjy
Therine,tobalqg@shutterfly.com,tperrinsqg,LqF1Mo5a
Padget,pfiloniereqh@house.gov,pmcdugalqh,ZS8NMt
Justinian,jelsbyqi@ucoz.ru,jferencowiczqi,r0QWJbdblEU
Birdie,bglasnerqj@admin.ch,balisonqj,KJI8Aaz3
Tildi,tduffillqk@state.tx.us,tspringettqk,Di5mrgvoOGrP
Fiorenze,fboughql@berkeley.edu,fcrookesql,fkf8YaK2
Derward,dmccolganqm@desdev.cn,dbleakleyqm,02AzjQH
Christal,crydingsqn@salon.com,cstaresqn,pXnygvOPUzT
Marla,mjenkinsqo@nsw.gov.au,mgonthierqo,8jB9O6BAmV9
Antonella,asawoodqp@histats.com,abeddoesqp,NJD8f4cbk6
Maribeth,mdemareqq@imageshack.us,mcorrqq,36a3hlLKUSu6
Kristi,kgutsellqr@oaic.gov.au,kstroyanqr,Oe1VjB6zEj
Lloyd,lmaypesqs@cocolog-nifty.com,ldurbridgeqs,VmCqbgMJ
Leeanne,lgiraudouxqt@home.pl,lfilippucciqt,Pare8I
Lynnelle,lyepiskopovqu@e-recht24.de,lcallenqu,zrdNtK9h
Burty,bblaberqv@abc.net.au,bpaulsenqv,6gF4da32TuMN
Gwenore,gcomettiqw@sakura.ne.jp,gmcgowranqw,35xpAi
Grenville,gfeldbergerqx@gmpg.org,gcorbinqx,pvlCcUf
Dyna,ddaelmanqy@netvibes.com,dcartwrightqy,flo1R49
Sander,skimblyqz@mit.edu,scitrineqz,OexcuI
Vern,vcordingleyr0@fda.gov,vladelr0,8SBOIzXo
Mercedes,mdefondr1@wufoo.com,mkingswellr1,92uBElg
Romeo,rcormoder2@storify.com,rscotfurthr2,KoV3o7x6rf
Rowen,rhacketr3@google.co.jp,rvequer3,gXqJOS3jg97
Rasla,rgiraudouxr4@ucla.edu,rrutherforthr4,SSwqvPxKS
Florence,fbaistowr5@vimeo.com,fschoalesr5,q6SKtvhbek
Jodie,jkirtlandr6@businessweek.com,jconwsr6,HtpbpzYuJIad
Terrell,thassenr7@cbsnews.com,tyerringtonr7,P3TlsR0p
Iosep,idacomber8@soup.io,ibisterr8,84Fx8sjjApPv
Tatiania,tcridlonr9@list-manage.com,tgaffneyr9,a4diwdu
Laney,lphilipsonra@discuz.net,lreekra,PC3Nnw
Berkley,bgilhooleyrb@thetimes.co.uk,bboiserb,zziqj1st2jt
Dulcie,dgreenroddrc@cnn.com,dbowlerrc,3RjqwVXJnRag
Rebecka,rmaciasrd@sbwire.com,rwilkowskird,XVl0KMtzx
Lindie,llovelessre@goodreads.com,llaybornre,5s2Y4qsLHR
Adan,aclaeskensrf@wikimedia.org,afranyrf,wzieovxq
Gus,gbrownlowrg@yelp.com,gdaveranrg,tUyIWS9F0v
Oralia,obromwichrh@dagondesign.com,ocreaghrh,tg3pK7zN
Rosemaria,rfiggenri@biglobe.ne.jp,rbroadberryri,8e5vWMO2D3v
Hope,hklugelrj@w3.org,hbartholomewrj,jW7LSOOxDV4
Gussy,gbiggansrk@theglobeandmail.com,gcherryholmerk,4tH06fiY
Roma,rchatainierrl@cbsnews.com,rrodolpherl,KjWOVj
Claus,ckerriganrm@myspace.com,cstiversrm,3Qq0882qr
Madelin,mpawlynrn@theatlantic.com,mogbournern,KPyXN4bsz
Branden,bferrucciro@timesonline.co.uk,bwigginro,sAI6aVR
Hagen,hcrutchfieldrp@yellowbook.com,htankinrp,o1ejAUCJ
Isiahi,iaveyardrq@shop-pro.jp,iyeorq,dETJ7UXrCWf
Dorthy,dcereceresrr@opera.com,darnullrr,fqWrC9KzLRQ
